Theme,Score
friendship,75.64957621790415
hope,89.34591260319544
sacrifice,158.35247118996358
battle,154.7151195336932
self development,145.77828194230614
betrayal,123.67503490996748
love,46.51670395800994
